ms_since_boot,temp_C,press_Pa
4449,24.94,1004.08
5261,25.06,1004.09
6074,25.12,1004.09
6886,25.12,1004.10
7698,25.19,1004.09
8510,25.19,1004.09
9323,25.25,1004.08
10135,25.25,1004.07
10947,25.25,1004.09
11759,25.31,1004.10
12572,25.31,1004.09
13384,25.31,1004.09
14196,25.37,1004.14
15008,25.37,1004.12
15821,25.44,1004.09
16633,25.44,1004.11
17444,25.44,1004.13
18255,25.50,1004.10
19065,25.50,1004.11
19876,25.50,1004.10
20686,25.56,1004.12
21497,25.56,1004.14
22307,25.56,1004.12
23118,25.56,1004.12
23931,25.56,1004.15
24742,25.62,1004.13
25552,25.62,1004.12
26363,25.62,1004.14
27173,25.62,1004.20
27984,25.62,1004.20
28795,25.62,1004.24
29605,25.62,1004.33
30416,25.62,1004.45
31226,25.62,1004.49
32037,25.62,1004.57
32848,25.62,1004.52
33658,25.62,1004.07
34469,25.62,1004.05
35279,25.62,1004.10
36090,25.62,1004.14
36900,25.62,1004.18
37711,25.62,1004.17
38522,25.69,1004.22
39332,25.62,1004.21
40143,25.62,1004.24
40953,25.62,1004.29
41764,25.62,1004.28
42575,25.62,1004.34
43388,25.62,1004.36
44199,25.62,1004.37
45009,25.62,1004.39
45820,25.62,1004.36
46631,25.62,1004.39
47441,25.62,1024.01
48252,25.62,1127.06
49062,25.75,1215.94
49873,25.81,1295.07
50683,25.87,1366.57
51494,25.94,1415.00
52304,26.00,1415.19
53115,26.00,1415.37
53926,26.06,1415.38
54736,26.06,1415.40
55547,26.06,1415.53
56357,26.12,1415.61
57168,26.12,1415.74
57978,26.19,1415.83
58789,26.19,1415.91
59600,26.25,1415.94
60410,26.25,1416.04
61221,26.25,1416.12
62031,26.31,1416.15
62842,26.31,1416.19
63650,26.31,1416.29
64460,26.37,1416.39
65271,26.37,1416.38
66082,26.37,1416.42
66892,26.37,1416.51
67703,26.37,1416.56
68513,26.44,1416.55
69324,26.44,1416.55
70135,26.44,1416.61
70945,26.44,1416.70
71756,26.44,1416.70
72566,26.50,1416.76
73377,26.50,1416.73
74187,26.50,1416.80
74998,26.50,1416.83
75809,26.50,1416.83
76619,26.50,1416.88
77430,26.50,1416.92
78240,26.56,1416.92
79051,26.56,1416.93
79861,26.56,1416.96
80672,26.56,1416.93
81483,26.56,1416.96
82293,26.56,1416.97
83107,26.56,1416.97
83917,26.56,1416.96
84728,26.56,1417.00
85538,26.56,1417.00
86349,26.56,1416.97
87160,26.56,1417.00
87970,26.56,1417.06
88781,26.56,1417.00
89591,26.56,1417.08
90402,26.56,1417.04
91212,26.56,1417.04
92023,26.56,1416.99
92834,26.56,1417.06
93644,26.56,1417.02
94455,26.56,1417.04
95265,26.56,1416.99
96076,26.56,1417.01
96895,26.56,1417.05
97706,26.56,1417.02
98516,26.56,1417.00
99326,26.56,1417.05
100137,26.56,1417.02
100947,26.56,1417.02
101758,26.56,1417.00
102571,26.56,1417.01
103382,26.56,1417.02
104192,26.56,1417.02
105003,26.56,1417.03
105813,26.56,1417.02
106624,26.56,1416.99
107434,26.56,1417.00
108244,26.56,1417.01
109055,26.56,1416.98
109865,26.56,1417.05
110676,26.56,1416.97
111486,26.56,1417.01
112297,26.56,1416.98
113107,26.56,1416.97
113918,26.56,1416.99
114728,26.56,1416.98
115539,26.56,1416.98
116349,26.56,1416.98
117160,26.56,1417.00
117970,26.56,1416.99
118781,26.56,1416.95
119591,26.56,1416.94
120402,26.56,1417.03
121215,26.56,1416.94
122026,26.56,1416.96
122836,26.56,1416.97
123647,26.56,1416.95
124457,26.56,1416.96
125268,26.56,1416.92
126078,26.56,1416.95
126889,26.56,1416.93
127699,26.56,1416.94
128510,26.56,1416.96
129320,26.56,1416.93
130131,26.56,1416.94
130941,26.56,1416.94
131751,26.56,1416.94
132562,26.56,1416.93
133373,26.50,1416.90
134183,26.56,1416.94
134993,26.56,1416.92
135804,26.56,1416.89
136615,26.50,1416.90
137425,26.50,1416.89
138236,26.56,1416.85
139046,26.56,1416.88
139857,26.56,1416.89
140670,26.50,1416.90
141481,26.56,1416.88
142291,26.50,1416.89
143102,26.50,1416.91
143912,26.50,1416.88
144723,26.50,1416.89
145533,26.50,1416.85
146344,26.50,1416.85
147154,26.50,1416.91
147965,26.50,1416.90
148775,26.50,1416.89
149586,26.50,1416.87
150396,26.50,1416.87
151207,26.50,1416.80
152017,26.50,1416.87
152828,26.50,1416.88
153638,26.50,1416.88
154449,26.50,1416.83
155259,26.50,1416.83
156069,26.50,1416.81
156880,26.50,1416.81
157690,26.50,1416.78
158500,26.50,1416.78
159314,26.50,1416.80
160124,26.50,1416.79
160935,26.50,1416.78
161746,26.50,1416.82
162557,26.50,1416.81
163367,26.50,1416.77
164178,26.50,1416.82
164989,26.50,1416.77
165800,26.50,1416.79
166610,26.50,1416.79
167421,26.50,1416.77
168232,26.50,1416.79
169043,26.50,1416.77
169853,26.50,1416.80
170664,26.50,1416.75
171475,26.50,1416.78
172285,26.50,1416.75
173096,26.50,1416.78
173907,26.50,1416.73
174718,26.50,1416.70
175528,26.50,1416.77
176339,26.50,1416.79
177150,26.50,1416.70
177963,26.50,1416.72
178774,26.50,1416.73
179585,26.50,1416.69
180396,26.44,1416.69
181207,26.44,1416.69
182018,26.50,1416.73
182829,26.50,1416.71
183639,26.50,1416.71
184450,26.50,1416.71
185261,26.50,1416.70
186072,26.44,1416.70
186883,26.44,1416.67
187693,26.44,1416.70
188504,26.44,1416.67
189315,26.50,1416.66
190126,26.44,1416.67
190937,26.44,1416.64
191748,26.50,1416.67
192558,26.44,1416.67
193369,26.44,1416.69
194180,26.44,1416.63
194991,26.44,1416.68
195802,26.44,1416.63
196613,26.44,1416.64
197421,26.44,1416.60
198232,26.44,1416.66
199043,26.44,1416.64
199854,26.44,1416.66
200664,26.44,1416.63
201475,26.44,1416.59
202286,26.44,1416.58
203097,26.44,1416.58
203908,26.44,1416.60
204719,26.44,1416.64
205530,26.44,1416.66
206340,26.44,1416.59
207151,26.44,1416.58
207962,26.44,1416.62
208773,26.44,1416.68
209584,26.44,1416.60
210395,26.44,1416.58
211206,26.44,1416.56
212016,26.44,1416.58
212827,26.44,1416.61
213638,26.44,1416.60
214449,26.44,1416.58
215260,26.44,1416.64
216074,26.44,1416.62
216885,26.44,1416.58
217696,26.44,1416.59
218506,26.44,1416.59
219317,26.44,1416.54
220128,26.44,1416.57
220939,26.44,1416.57
221750,26.44,1416.56
222561,26.44,1416.54
223372,26.44,1416.52
224183,26.44,1416.59
224993,26.44,1416.48
225804,26.44,1416.57
226615,26.44,1416.53
227426,26.37,1416.53
228237,26.44,1416.51
229048,26.44,1416.59
229859,26.44,1416.55
230669,26.37,1416.45
231480,26.37,1416.50
232291,26.37,1416.49
233102,26.37,1416.48
233913,26.37,1416.47
234727,26.37,1416.44
235538,26.37,1416.47
236349,26.37,1416.42
237159,26.37,1416.39
237970,26.37,1416.41
238781,26.37,1416.34
239592,26.37,1416.40
240403,26.37,1416.34
241214,26.37,1416.37
242025,26.37,1416.36
242836,26.37,1416.37
243646,26.37,1416.32
244457,26.37,1416.35
245268,26.37,1416.32
246079,26.37,1416.29
246890,26.31,1416.34
247701,26.37,1416.33
248512,26.37,1416.28
249323,26.31,1416.28
250133,26.37,1416.27
250944,26.31,1416.30
251755,26.31,1416.30
252566,26.31,1416.26
253379,26.31,1416.31
254190,26.37,1416.26
255001,26.37,1416.28
255812,26.37,1416.28
256623,26.31,1416.28
257433,26.31,1416.30
258244,26.31,1416.28
259055,26.31,1416.25
259865,26.31,1416.26
260676,26.31,1416.27
261487,26.31,1416.25
262298,26.31,1416.22
263108,26.31,1416.22
263919,26.31,1416.19
264730,26.31,1416.16
265541,26.31,1416.15
266352,26.31,1416.19
267162,26.31,1416.15
267973,26.31,1416.17
268784,26.31,1416.16
269595,26.31,1416.19
270405,26.31,1416.14
271216,26.31,1416.17
272027,26.31,1416.16
272841,26.31,1416.11
273652,26.31,1416.09
274462,26.31,1416.16
275273,26.31,1416.11
276084,26.31,1416.16
276895,26.25,1416.09
277706,26.25,1416.10
278516,26.31,1416.10
279327,26.31,1416.11
280138,26.31,1416.09
280949,26.25,1416.09
281759,26.25,1416.03
282570,26.25,1416.08
283381,26.25,1416.06
284192,26.25,1416.07
285002,26.25,1416.05
285813,26.25,1416.02
286624,26.25,1416.02
287435,26.25,1416.00
288246,26.25,1416.00
289056,26.25,1416.04
289867,26.25,1415.98
290678,26.25,1416.02
291492,26.25,1415.98
292303,26.25,1416.04
293113,26.25,1415.99
293924,26.25,1415.99
294735,26.25,1415.97
295546,26.25,1415.96
296357,26.25,1415.96
297167,26.25,1415.94
297978,26.25,1415.98
298789,26.25,1415.94
299600,26.25,1415.96
300411,26.25,1415.98
301221,26.25,1415.97
302032,26.25,1415.92
302843,26.25,1415.96
303654,26.25,1415.94
304465,26.25,1415.96
305275,26.25,1415.98
306086,26.25,1415.97
306897,26.25,1415.91
307708,26.25,1415.98
308518,26.25,1415.94
309329,26.25,1415.96
310143,26.25,1415.97
310954,26.25,1415.93
311765,26.25,1415.94
312576,26.25,1415.96
313387,26.25,1415.96
314198,26.25,1415.98
315009,26.25,1415.94
315820,26.25,1415.96
316631,26.25,1415.94
317442,26.25,1415.96
318253,26.25,1416.00
319064,26.25,1415.95
319875,26.25,1415.93
320686,26.25,1415.96
321497,26.25,1415.93
322308,26.25,1415.93
323119,26.25,1415.93
323930,26.25,1415.91
324741,26.25,1415.93
325552,26.25,1415.94
326363,26.25,1415.95
327175,26.25,1415.94
327985,26.25,1415.98
328800,26.25,1415.94
329611,26.25,1415.96
330422,26.25,1415.91
331233,26.25,1415.97
332044,26.25,1415.93
332855,26.25,1415.93
333666,26.25,1415.91
334477,26.25,1415.92
335289,26.25,1415.90
336100,26.25,1415.91
336911,26.25,1415.91
337722,26.25,1415.89
338533,26.19,1415.90
339344,26.19,1415.89
340155,26.19,1415.90
340966,26.19,1415.84
341778,26.19,1415.90
342589,26.19,1415.87
343400,26.19,1415.85
344211,26.19,1415.85
345022,26.19,1415.85
345833,26.19,1415.89
346644,26.19,1415.82
347455,26.19,1415.86
348270,26.19,1415.90
349081,26.19,1415.87
349892,26.19,1415.83
350703,26.19,1415.85
351515,26.19,1415.85
352326,26.19,1415.84
353137,26.19,1415.85
353948,26.19,1415.83
354759,26.19,1415.81
355570,26.19,1415.83
356381,26.19,1415.82
357193,26.19,1415.84
358004,26.19,1415.85
358815,26.19,1415.82
359626,26.19,1415.83
360437,26.19,1415.76
361248,26.19,1415.81
362060,26.19,1415.80
362871,26.19,1415.78
363682,26.19,1415.74
364493,26.19,1415.78
365304,26.19,1415.78
366115,26.19,1415.76
366930,26.19,1415.75
367741,26.19,1415.77
368552,26.19,1415.74
369363,26.19,1415.75
370174,26.19,1415.76
370985,26.19,1415.77
371797,26.19,1415.75
372608,26.19,1415.77
373419,26.19,1415.73
374230,26.19,1415.75
375041,26.19,1415.72
375852,26.19,1415.71
376664,26.19,1415.71
377475,26.19,1415.69
378286,26.12,1415.71
379097,26.19,1415.75
379908,26.19,1415.79
380719,26.19,1415.71
381530,26.19,1415.73
382342,26.19,1415.70
383153,26.19,1415.70
383964,26.19,1415.73
384775,26.12,1415.72
385589,26.19,1415.65
386401,26.19,1415.68
387212,26.12,1415.69
388023,26.19,1415.68
388834,26.12,1415.65
389645,26.12,1415.65
390456,26.12,1415.63
391267,26.12,1415.64
392079,26.12,1415.61
392890,26.12,1415.63
393701,26.12,1415.62
394512,26.12,1415.64
395323,26.12,1415.67
396134,26.12,1415.58
396946,26.12,1415.63
397757,26.12,1415.60
398568,26.12,1415.56
399379,26.12,1415.58
400190,26.12,1415.61
401001,26.12,1415.58
401813,26.12,1415.63
402624,26.12,1415.61
403435,26.12,1415.59
404246,26.12,1415.62
405054,26.12,1415.58
405865,26.12,1415.57
406676,26.12,1415.58
407488,26.12,1415.62
408299,26.12,1415.60
409110,26.12,1415.57
409921,26.12,1415.59
410732,26.12,1415.59
411543,26.12,1415.61
412354,26.12,1415.57
413165,26.12,1415.55
413976,26.12,1415.59
414787,26.12,1415.63
415598,26.12,1415.61
416409,26.12,1415.62
417220,26.12,1415.58
418031,26.12,1415.58
418842,26.12,1415.56
419653,26.12,1415.57
420464,26.12,1415.56
421276,26.12,1415.58
422087,26.12,1415.55
422898,26.12,1415.53
423712,26.12,1415.58
424523,26.12,1415.58
425334,26.12,1415.60
426145,26.12,1415.56
426956,26.12,1415.52
427768,26.12,1415.57
428579,26.12,1415.53
429390,26.12,1415.55
430201,26.12,1415.55
431012,26.12,1415.52
431823,26.12,1415.53
432634,26.12,1415.51
433445,26.12,1415.49
434256,26.12,1415.54
435067,26.12,1415.55
435878,26.12,1415.51
436689,26.12,1415.50
437500,26.12,1415.52
438311,26.12,1415.51
439122,26.12,1415.53
439934,26.12,1415.48
440745,26.12,1415.54
441556,26.12,1415.53
442370,26.12,1415.51
443181,26.12,1415.53
443992,26.12,1415.47
444803,26.06,1415.48
445614,26.12,1415.52
446425,26.12,1415.54
447236,26.12,1415.49
448048,26.12,1415.54
448859,26.06,1415.48
449670,26.12,1415.49
450481,26.12,1415.49
451292,26.12,1415.48
452103,26.06,1415.50
452914,26.06,1415.48
453725,26.12,1415.47
454536,26.12,1415.50
455347,26.12,1415.50
456158,26.12,1415.52
456969,26.12,1415.44
457780,26.12,1415.47
458591,26.06,1415.52
459403,26.12,1415.47
460213,26.06,1415.46
461028,26.06,1415.51
461839,26.12,1415.46
462650,26.06,1415.49
463461,26.06,1415.46
464273,26.12,1415.44
465084,26.06,1415.46
465895,26.06,1415.52
466706,26.06,1415.48
467517,26.06,1415.46
468329,26.06,1415.47
469140,26.06,1415.49
469951,26.12,1415.43
470762,26.06,1415.46
471574,26.06,1415.46
472385,26.06,1415.45
473196,26.12,1415.44
474008,26.06,1415.48
474819,26.06,1415.40
475630,26.06,1415.43
476441,26.06,1415.41
477253,26.06,1415.46
478064,26.06,1415.49
478875,26.06,1415.47
479686,26.06,1415.44
480501,26.06,1415.42
481312,26.06,1415.40
482124,26.06,1415.43
482935,26.06,1415.42
483746,26.06,1415.44
484558,26.06,1415.41
485369,26.06,1415.44
486181,26.06,1415.41
486992,26.06,1415.39
487803,26.06,1415.40
488615,26.06,1415.43
489426,26.06,1415.40
490238,26.06,1415.44
491049,26.06,1415.42
491860,26.06,1415.45
492672,26.06,1415.41
493483,26.06,1415.43
494294,26.06,1415.41
495106,26.06,1415.42
495917,26.06,1415.42
496728,26.06,1415.38
497540,26.06,1415.40
498351,26.06,1415.42
499166,26.06,1415.41
499977,26.06,1415.43
500789,26.06,1415.42
501600,26.06,1415.45
502411,26.06,1415.39
503223,26.06,1415.39
504034,26.06,1415.36
504846,26.06,1415.39
505657,26.06,1415.43
506468,26.06,1415.37
507280,26.06,1415.35
508091,26.06,1415.38
508903,26.06,1415.36
509714,26.06,1415.37
510525,26.06,1415.37
511337,26.06,1415.38
512148,26.06,1415.34
512960,26.06,1415.35
513771,26.06,1415.36
514582,26.06,1415.38
515394,26.06,1415.33
516205,26.06,1415.32
517017,26.06,1415.32
517831,26.06,1415.31
518643,26.06,1415.36
519454,26.06,1415.31
520266,26.06,1415.30
521077,26.06,1415.31
521888,26.06,1415.36
522700,26.06,1415.33
523511,26.06,1415.34
524323,26.06,1415.26
525134,26.06,1415.37
525945,26.06,1415.30
526757,26.06,1415.32
527568,26.06,1415.31
528380,26.06,1415.32
529191,26.06,1415.32
530002,26.06,1415.35
530814,26.00,1415.33
531625,26.06,1415.30
532437,26.06,1415.28
533248,26.06,1415.35
534059,26.06,1415.29
534871,26.06,1415.33
535682,26.06,1415.27
536497,26.00,1415.27
537308,26.00,1415.26
538120,26.00,1415.31
538931,26.00,1415.28
539742,26.06,1415.25
540554,26.00,1415.30
541365,26.00,1415.30
542177,26.00,1415.27
542988,26.00,1415.29
543799,26.00,1415.26
544611,26.06,1415.28
545422,26.00,1415.27
546234,26.06,1415.22
547045,26.00,1415.23
547856,26.00,1415.32
548668,26.00,1415.23
549479,26.00,1415.24
550291,26.00,1415.23
551102,26.00,1415.23
551913,26.00,1415.22
552725,26.00,1415.23
553536,26.00,1415.25
554348,26.00,1415.21
555169,26.00,1415.20
555983,26.00,1415.22
556795,26.00,1415.20
557606,26.00,1415.20
558417,26.00,1415.24
559228,26.00,1415.23
560040,26.00,1415.23
560851,26.00,1415.19
561662,26.00,1415.21
562474,26.00,1415.23
563285,26.00,1415.19
564096,26.00,1415.20
564908,26.00,1415.19
565719,26.00,1415.17
566531,26.00,1415.19
567342,26.00,1415.20
568153,26.00,1415.17
568965,26.00,1415.18
569776,26.00,1415.19
570588,26.00,1415.17
571399,26.00,1415.18
572210,26.00,1415.17
573022,26.00,1415.17
573833,26.00,1415.19
574648,26.00,1415.19
575459,26.00,1415.15
576271,26.00,1415.18
577082,26.00,1415.15
577894,26.00,1415.11
578705,26.00,1415.15
579516,26.00,1415.17
580328,26.00,1415.13
581139,26.00,1415.17
581951,26.00,1415.15
582762,26.00,1415.10
583573,26.00,1415.11
584385,26.00,1415.15
585196,26.00,1415.16
586008,26.00,1415.13
586819,26.00,1415.09
587630,26.00,1415.05
588442,26.00,1415.15
589253,25.94,1415.08
590065,26.00,1415.11
590876,26.00,1415.05
591687,26.00,1415.08
592499,26.00,1415.12
593313,25.94,1415.09
594125,26.00,1415.08
594936,26.00,1415.11
595747,26.00,1415.07
596559,25.94,1415.07
597370,25.94,1415.05
598181,25.94,1415.07
598993,25.94,1415.06
599804,25.94,1415.09
600615,26.00,1415.08
601426,25.94,1415.06
602238,25.94,1415.05
603049,25.94,1415.07
603860,25.94,1415.03
604672,25.94,1415.09
605483,25.94,1415.04
606294,25.94,1415.05
607106,25.94,1415.05
607917,25.94,1415.01
608728,25.94,1415.07
609540,25.94,1415.02
610351,25.94,1414.98
611162,25.94,1415.02
611974,25.94,1415.04
612783,25.94,1415.02
613594,25.94,1414.98
614406,25.94,1414.99
615217,25.94,1415.02
616029,25.94,1414.98
616841,25.94,1414.97
617652,25.94,1414.95
618464,25.94,1415.02
619275,25.94,1414.96
620087,25.94,1415.03
620898,25.94,1414.99
621710,25.94,1414.98
622522,25.94,1414.94
623333,25.94,1414.97
624145,25.94,1414.96
624956,25.94,1414.99
625768,25.94,1414.97
626580,25.94,1414.90
627391,25.94,1414.96
628203,25.94,1414.92
629014,25.94,1414.95
629826,25.94,1414.93
630638,25.94,1414.96
631453,25.94,1414.95
632264,25.94,1414.93
633076,25.94,1414.93
633888,25.94,1414.92
634699,25.94,1414.92
635511,25.94,1414.93
636322,25.94,1414.92
637134,25.94,1414.93
637946,25.87,1414.90
638757,25.94,1414.90
639569,25.94,1414.87
640381,25.87,1414.90
641192,25.87,1414.89
642004,25.94,1414.90
642816,25.94,1414.89
643627,25.87,1414.89
644439,25.87,1414.89
645251,25.94,1414.89
646062,25.87,1414.86
646874,25.87,1414.84
647686,25.87,1414.88
648497,25.87,1414.85
649309,25.87,1414.86
650124,25.87,1414.82
650936,25.87,1414.87
651747,25.87,1414.87
652559,25.87,1414.87
653371,25.87,1414.82
654182,25.87,1414.83
654994,25.87,1414.81
655806,25.87,1414.81
656617,25.87,1414.79
657429,25.87,1414.83
658241,25.87,1414.80
659052,25.87,1414.81
659864,25.87,1414.84
660676,25.87,1414.79
661487,25.87,1414.78
662299,25.87,1414.79
663111,25.87,1414.81
663922,25.87,1414.81
664734,25.87,1414.81
665546,25.87,1414.79
666357,25.87,1414.77
667169,25.87,1414.79
667981,25.87,1414.79
668796,25.87,1414.77
669608,25.87,1414.78
670419,25.87,1414.72
671231,25.87,1414.76
672043,25.87,1414.80
672854,25.87,1414.74
673666,25.87,1414.77
674477,25.87,1414.73
675289,25.87,1414.72
676101,25.87,1414.77
676912,25.87,1414.73
677724,25.87,1414.70
678536,25.87,1414.73
679347,25.87,1414.73
680159,25.87,1414.70
680971,25.87,1414.68
681782,25.81,1414.70
682594,25.87,1414.73
683406,25.87,1414.70
684217,25.87,1414.70
685029,25.81,1414.72
685841,25.87,1414.69
686652,25.87,1414.67
687464,25.87,1414.70
688279,25.87,1414.70
689091,25.81,1414.70
689903,25.81,1414.67
690714,25.87,1414.65
691526,25.81,1414.65
692338,25.81,1414.64
693149,25.87,1414.64
693961,25.81,1414.60
694773,25.81,1414.66
695584,25.81,1414.64
696396,25.81,1414.63
697208,25.81,1414.63
698019,25.81,1414.59
698831,25.81,1414.65
699643,25.81,1414.64
700454,25.81,1414.60
701266,25.81,1414.64
702078,25.81,1414.64
702889,25.81,1414.60
703701,25.81,1414.59
704513,25.81,1131.48
705324,25.69,1012.89
706136,25.56,1035.99
706951,25.50,1050.98
707763,25.50,1063.07
708575,25.50,1073.31
709386,25.50,1082.05
710198,25.50,1089.17
711009,25.50,1095.19
711821,25.50,1100.40
712632,25.44,1104.64
713444,25.44,1108.09
714256,25.44,1110.85
715067,25.44,1113.00
715879,25.44,1114.69
716690,25.44,1116.05
717502,25.37,1117.13
718314,25.37,1118.27
719125,25.37,1118.98
719937,25.37,1119.59
720749,25.31,1120.07
721560,25.31,1120.50
722372,25.37,1120.77
723184,25.31,1121.04
723995,25.31,1121.26
724807,25.31,1121.47
725622,25.31,1121.66
726434,25.31,1121.72
727245,25.31,1121.86
728057,25.25,1121.95
728869,25.25,1122.03
729680,25.25,1122.07
730492,25.25,1122.11
731304,25.25,1122.13
732115,25.25,1122.22
732927,25.25,1122.25
733739,25.25,1122.27
734550,25.25,1122.35
735362,25.19,1122.35
736174,25.25,1122.33
736985,25.25,1122.34
737797,25.25,1122.38
738609,25.19,1122.38
739420,25.19,1122.34
740232,25.19,1122.44
741044,25.19,1122.43
741855,25.19,1122.38
742667,25.19,1122.45
743479,25.19,1122.42
744294,25.19,1122.47
745105,25.19,1122.43
745917,25.19,1122.48
746729,25.19,1122.46
747540,25.19,1122.48
748352,25.19,1122.47
749163,25.19,1122.51
749975,25.19,1122.49
750787,25.19,1122.47
751598,25.19,1122.49
752410,25.19,1122.50
753221,25.19,1122.53
754033,25.19,1122.48
754844,25.19,1122.50
755656,25.19,1122.51
756468,25.19,1122.48
757279,25.19,1122.53
758091,25.19,1122.53
758902,25.19,1122.49
759714,25.19,1122.53
760526,25.19,1122.48
761337,25.19,1122.52
762149,25.19,1122.50
762960,25.19,1122.52
763776,25.19,1122.51
764586,25.19,1122.51
765396,25.19,1122.51
766207,25.19,1122.49
767017,25.19,1122.47
767828,25.19,1122.52
768638,25.19,1122.55
769449,25.19,1122.52
770259,25.19,1122.50
771070,25.19,1122.50
771880,25.19,1122.53
772691,25.19,1122.51
773501,25.19,1122.49
774312,25.19,1122.52
775122,25.19,1122.47
775933,25.19,1122.51
776743,25.19,1122.47
777554,25.19,1122.49
778364,25.19,1122.47
779175,25.19,1122.49
779985,25.19,1122.49
780796,25.19,1122.46
781606,25.19,1122.49
782420,25.19,1122.46
783230,25.19,1122.49
784041,25.19,1122.48
784851,25.19,1122.47
785662,25.19,1122.51
786473,25.19,1122.46
787283,25.19,1122.47
788094,25.19,1122.46
788904,25.19,1122.47
789715,25.19,1122.47
790525,25.19,1122.45
791336,25.19,1122.46
792147,25.19,1122.47
792957,25.19,1122.48
793768,25.19,1122.44
794578,25.19,1122.49
795389,25.19,1122.46
796200,25.19,1122.47
797010,25.19,1122.43
797821,25.19,1122.44
798631,25.19,1122.43
799442,25.19,1122.43
800252,25.19,1122.45
801066,25.19,1122.40
801877,25.19,1122.44
802687,25.19,1122.43
803498,25.19,1122.44
804308,25.19,1122.45
805119,25.19,1122.45
805930,25.19,1122.45
806740,25.19,1122.46
807551,25.19,1122.44
808361,25.19,1122.42
809172,25.19,1122.39
809983,25.19,1122.39
810793,25.19,1122.40
811604,25.19,1122.34
812414,25.19,1122.38
813225,25.19,1122.39
814036,25.19,1122.40
814846,25.19,1122.40
815657,25.19,1122.39
816467,25.19,1122.39
817278,25.19,1122.34
818089,25.19,1122.37
818899,25.19,1122.40
819710,25.19,1122.39
820518,25.19,1122.36
821329,25.19,1122.37
822139,25.19,1122.33
822950,25.19,1122.38
823760,25.19,1122.34
824571,25.19,1122.36
825382,25.19,1122.38
826192,25.19,1122.33
827003,25.19,1122.38
827813,25.19,1122.34
828624,25.19,1122.34
829435,25.19,1122.29
830245,25.19,1122.35
831056,25.19,1122.32
831866,25.19,1122.33
832677,25.19,1122.34
833488,25.19,1122.31
834298,25.19,1122.33
835109,25.19,1122.34
835919,25.19,1122.30
836730,25.19,1122.38
837541,25.19,1122.31
838351,25.19,1122.29
839165,25.19,1122.31
839975,25.19,1122.28
840786,25.19,1122.34
841596,25.19,1122.29
842407,25.19,1122.29
843218,25.19,1122.25
844028,25.19,1122.28
844839,25.19,1122.27
845649,25.19,1122.27
846460,25.19,1122.29
847271,25.19,1122.24
848081,25.19,1122.23
848892,25.19,1122.26
849702,25.19,1122.27
850513,25.19,1122.24
851324,25.19,1122.22
852134,25.19,1122.29
852945,25.19,1122.26
853755,25.19,1122.22
854566,25.19,1122.25
855377,25.19,1122.26
856187,25.19,1122.25
856998,25.19,1122.23
857811,25.19,1122.21
858622,25.19,1122.27
859433,25.19,1122.22
860243,25.19,1122.23
861054,25.19,1122.21
861865,25.19,1122.20
862675,25.19,1122.24
863486,25.19,1122.24
864296,25.19,1122.19
865107,25.19,1122.20
865917,25.19,1122.21
866728,25.25,1122.20
867538,25.19,1122.17
868349,25.19,1122.15
869160,25.19,1122.16
869970,25.19,1122.17
870781,25.19,1122.17
871591,25.19,1122.17
872402,25.19,1122.18
873212,25.19,1122.16
874023,25.25,1122.18
874834,25.19,1122.16
875644,25.25,1122.16
876458,25.19,1122.16
877268,25.25,1122.15
878079,25.19,1122.16
878890,25.19,1122.16
879700,25.19,1122.15
880511,25.19,1122.16
881321,25.19,1122.12
882132,25.19,1122.15
882943,25.19,1122.17
883753,25.19,1122.15
884564,25.19,1122.15
885374,25.25,1122.13
886185,25.25,1122.10
886996,25.25,1122.18
887806,25.19,1122.12
888617,25.19,1122.15
889427,25.25,1122.13
890238,25.19,1122.11
891049,25.19,1122.11
891859,25.19,1122.11
892670,25.19,1122.09
893480,25.19,1122.11
894291,25.25,1122.13
895102,25.19,1122.10
895915,25.19,1122.10
896726,25.19,1122.11
897536,25.19,1122.10
898347,25.19,1122.10
899157,25.25,1122.10
899968,25.19,1122.06
900778,25.19,1122.09
901589,25.19,1122.07
902399,25.19,1122.07
903210,25.19,1122.05
904020,25.25,1122.08
904831,25.19,1122.06
905641,25.19,1122.05
906452,25.25,1122.05
907262,25.25,1122.07
908073,25.25,1122.05
908883,25.19,1122.05
909694,25.25,1122.08
910504,25.25,1122.06
911315,25.25,1122.06
912125,25.19,1122.00
912936,25.19,1122.04
913746,25.25,1122.06
914560,25.19,1122.02
915370,25.19,1122.06
916181,25.19,1122.02
916992,25.25,1122.03
917803,25.25,1122.04
918614,25.25,1122.05
919424,25.25,1122.03
920235,25.25,1122.04
921046,25.25,1122.01
921857,25.19,1122.04
922668,25.25,1121.98
923478,25.19,1122.00
924289,25.19,1122.02
925100,25.19,1122.02
925911,25.19,1122.00
926722,25.25,1122.00
927532,25.25,1122.01
928343,25.19,1122.03
929154,25.25,1121.96
929965,25.19,1122.00
930776,25.19,1121.98
931586,25.25,1121.99
932397,25.25,1121.98
933211,25.25,1121.99
934022,25.19,1122.00
934833,25.25,1121.97
935644,25.19,1121.98
936454,25.19,1121.96
937265,25.25,1121.94
938076,25.25,1121.97
938887,25.19,1121.97
939698,25.25,1121.95
940509,25.25,1121.97
941320,25.25,1121.94
942130,25.25,1121.95
942941,25.25,1121.95
943752,25.19,1121.96
944563,25.19,1121.92
945374,25.19,1121.92
946185,25.25,1121.92
946996,25.25,1121.91
947807,25.19,1121.93
948617,25.25,1121.94
949428,25.19,1121.90
950239,25.19,1121.91
951050,25.25,1121.90
951864,25.19,1121.92
952675,25.25,1121.92
953486,25.19,1121.90
954297,25.25,1121.89
955107,25.19,1121.90
955918,25.25,1121.87
956729,25.19,1121.88
957540,25.19,1121.86
958351,25.19,1121.89
959162,25.25,1121.90
959973,25.25,1121.91
960783,25.25,1121.89
961594,25.25,1121.90
962405,25.19,1121.85
963216,25.25,1121.86
964027,25.19,1121.88
964838,25.25,1121.85
965649,25.25,1121.88
966460,25.25,1121.89
967270,25.25,1121.87
968081,25.19,1121.83
968892,25.25,1121.88
969703,25.25,1121.83
970514,25.25,1121.82
971328,25.19,1121.86
972139,25.19,1121.84
972950,25.25,1121.84
973760,25.25,1121.85
974571,25.19,1121.86
975382,25.19,1121.84
976193,25.19,1121.81
977004,25.19,1121.81
977815,25.19,1121.81
978626,25.19,1121.82
979437,25.25,1121.81
980247,25.25,1121.81
981058,25.19,1121.82
981869,25.19,1121.80
982680,25.19,1121.80
983491,25.19,1121.81
984302,25.25,1121.83
985113,25.19,1121.81
985923,25.19,1121.81
986734,25.25,1121.82
987545,25.19,1121.77
988356,25.25,1121.80
989167,25.25,1121.81
989981,25.19,1121.77
990792,25.19,1121.73
991603,25.19,1121.81
992413,25.25,1121.81
993224,25.25,1121.76
994035,25.25,1121.77
994846,25.19,1121.77
995657,25.25,1121.78
996468,25.19,1121.75
997279,25.19,1121.76
998090,25.19,1121.77
998900,25.19,1121.72
999711,25.25,1121.75
1000522,25.25,1121.78
1001333,25.19,1121.73
1002144,25.19,1121.75
1002955,25.19,1121.72
1003766,25.19,1121.73
1004576,25.19,1121.72
1005387,25.19,1121.73
1006198,25.19,1121.76
1007009,25.19,1121.71
1007820,25.19,1121.72
1008634,25.19,1121.69
1009445,25.19,1121.69
1010256,25.25,1121.72
1011067,25.19,1121.68
1011877,25.19,1121.68
1012688,25.19,1121.73
1013509,25.19,1121.70
1014320,25.19,1121.68
1015131,25.19,1121.70
1015941,25.19,1121.69
1016752,25.25,1121.69
1017563,25.19,1121.69
1018374,25.19,1121.69
1019185,25.19,1121.70
1019995,25.19,1121.70
1020806,25.19,1121.69
1021617,25.19,1121.66
1022428,25.19,1121.68
1023239,25.19,1121.67
1024049,25.19,1121.67
1024860,25.19,1121.67
1025671,25.19,1121.68
1026485,25.19,1121.66
1027296,25.19,1121.65
1028107,25.19,1121.66
1028918,25.19,1121.64
1029729,25.19,1121.67
1030539,25.19,1121.61
1031350,25.19,1121.65
1032161,25.19,1121.67
1032972,25.19,1121.61
1033783,25.19,1121.66
1034594,25.19,1121.62
1035405,25.19,1121.60
1036215,25.19,1121.62
1037026,25.19,1121.64
1037837,25.19,1121.63
1038648,25.19,1121.59
1039459,25.19,1121.62
1040270,25.19,1121.60
1041081,25.19,1121.59
1041892,25.19,1121.63
1042702,25.19,1121.63
1043513,25.19,1121.60
1044327,25.19,1121.58
1045138,25.19,1121.56
1045949,25.19,1121.60
1046760,25.19,1121.58
1047570,25.19,1121.57
1048381,25.19,1121.57
1049192,25.19,1121.56
1050003,25.19,1121.58
1050814,25.19,1121.56
1051624,25.19,1121.57
1052435,25.19,1121.56
1053246,25.19,1121.56
1054057,25.19,1121.54
1054868,25.19,1121.55
1055678,25.19,1121.53
1056489,25.19,1121.53
1057300,25.19,1121.56
1058111,25.19,1121.55
1058922,25.19,1121.53
1059732,25.19,1121.58
1060543,25.19,1121.53
1061354,25.19,1121.55
1062165,25.19,1121.55
1062979,25.19,1121.53
1063790,25.19,1121.55
1064601,25.19,1121.51
1065412,25.19,1121.50
1066223,25.19,1121.50
1067034,25.19,1121.53
1067845,25.19,1121.53
1068656,25.19,1121.52
1069467,25.19,1121.51
1070279,25.19,1121.50
1071090,25.19,1121.48
1071901,25.19,1121.51
1072712,25.19,1121.54
1073523,25.19,1121.49
1074334,25.19,1121.49
1075145,25.19,1121.52
1075956,25.19,1121.50
1076767,25.19,1121.49
1077578,25.19,1121.48
1078390,25.19,1121.51
1079201,25.19,1121.51
1080012,25.19,1121.47
1080826,25.19,1121.49
1081637,25.19,1121.47
1082448,25.19,1121.50
1083260,25.19,1121.48
1084071,25.19,1121.47
1084882,25.19,1121.49
1085693,25.19,1121.43
1086504,25.19,1121.43
1087315,25.19,1121.45
1088127,25.19,1121.43
1088938,25.19,1121.44
1089749,25.19,1121.44
1090560,25.19,1121.43
1091371,25.19,1121.42
1092182,25.19,1121.41
1092993,25.19,1121.40
1093805,25.19,1121.43
1094616,25.19,1121.44
1095427,25.19,1121.38
1096238,25.19,1121.39
1097049,25.19,1121.40
1097860,25.19,1121.40
1098675,25.19,1121.41
1099486,25.19,1121.41
1100297,25.19,1121.36
1101108,25.19,1121.37
1101919,25.19,1121.37
1102731,25.19,1121.38
1103542,25.19,1121.38
1104353,25.19,1121.36
1105164,25.19,1121.35
1105975,25.19,1121.38
1106786,25.19,1121.35
1107597,25.19,1121.38
1108409,25.12,1121.37
1109220,25.19,1121.36
1110031,25.19,1121.33
1110842,25.12,1121.35
1111653,25.19,1121.36
1112464,25.19,1121.32
1113276,25.19,1121.34
1114087,25.19,1121.40
1114898,25.19,1121.33
1115709,25.19,1121.32
1116523,25.12,1121.31
1117335,25.12,1121.33
1118146,25.19,1121.30
1118957,25.19,1121.34
1119768,25.19,1121.32
1120579,25.12,1121.34
1121390,25.19,1121.31
1122202,25.19,1121.33
1123013,25.19,1121.30
1123824,25.19,1121.28
1124635,25.19,1121.32
1125446,25.12,1121.28
1126257,25.12,1121.29
1127068,25.12,1121.26
1127880,25.12,1121.27
1128691,25.12,1121.31
1129502,25.12,1121.30
1130313,25.12,1121.27
1131124,25.12,1121.28
1131935,25.19,1121.27
1132747,25.12,1121.27
1133558,25.12,1121.32
1134369,25.12,1121.28
1135183,25.12,1121.27
1135994,25.12,1121.27
1136806,25.12,1121.26
1137617,25.12,1121.23
1138428,25.12,1121.22
1139239,25.12,1121.27
1140050,25.12,1121.20
1140861,25.12,1121.24
1141673,25.12,1121.23
1142484,25.12,1121.26
1143295,25.12,1121.23
1144106,25.12,1121.23
1144917,25.12,1121.24
1145728,25.12,1121.23
1146540,25.12,1121.20
1147351,25.12,1121.25
1148162,25.12,1121.24
1148973,25.12,1121.22
1149784,25.12,1121.23
1150595,25.12,1121.20
1151407,25.12,1121.19
1152218,25.12,1121.23
1153032,25.12,1121.21
1153843,25.12,1121.19
1154654,25.12,1121.21
1155466,25.12,1121.24
1156277,25.12,1121.18
1157088,25.12,1121.21
1157899,25.12,1121.20
1158710,25.12,1121.20
1159521,25.12,1121.19
1160333,25.12,1121.19
1161144,25.12,1121.22
1161955,25.12,1121.17
1162766,25.12,1121.18
1163577,25.12,1121.15
1164388,25.12,1121.19
1165199,25.12,1121.17
1166011,25.12,1121.16
1166822,25.12,1121.20
1167633,25.12,1121.17
1168444,25.12,1121.12
1169255,25.12,1121.16
1170066,25.12,1121.12
1170881,25.12,1121.15
1171692,25.12,1121.16
1172503,25.12,1121.15
1173314,25.12,1121.17
1174125,25.12,1121.11
1174936,25.12,1121.14
1175747,25.12,1121.12
1176558,25.12,1121.14
1177370,25.12,1121.15
1178181,25.12,1121.09
1178992,25.12,1121.15
1179803,25.12,1121.10
1180614,25.12,1121.13
1181425,25.12,1121.10
1182237,25.12,1121.08
1183048,25.12,1121.08
1183859,25.12,1121.13
1184670,25.12,1121.07
1185481,25.12,1121.11
1186292,25.12,1121.09
1187104,25.12,1121.10
1187915,25.12,1121.10
1188729,25.12,1121.06
1189540,25.12,1121.11
1190351,25.12,1121.06
1191162,25.12,1121.05
1191973,25.12,1121.09
1192784,25.12,1121.09
1193596,25.12,1121.11
1194407,25.12,1121.05
1195218,25.12,1121.15
1196029,25.12,1121.07
1196840,25.12,1121.10
1197651,25.12,1121.06
1198462,25.12,1121.07
1199273,25.12,1121.04
1200084,25.12,1121.04
1200895,25.12,1121.07
1201706,25.12,1121.03
1202517,25.12,1121.02
1203329,25.06,1121.03
1204140,25.12,1121.01
1204951,25.12,1121.01
1205762,25.12,1121.03
1206573,25.12,1120.99
1207397,25.12,1121.04
1208207,25.12,1121.06
1209017,25.12,1121.03
1209828,25.12,1121.00
1210638,25.12,1121.00
1211449,25.12,1121.01
1212259,25.12,1120.99
1213070,25.12,1121.04
1213880,25.12,1120.99
1214691,25.12,1121.01
1215501,25.12,1120.98
1216312,25.12,1121.02
1217122,25.12,1120.98
1217933,25.12,1121.00
1218743,25.06,1120.96
1219554,25.06,1121.00
1220364,25.12,1121.01
1221175,25.12,1121.02
1221985,25.12,1121.00
1222796,25.12,1120.95
1223606,25.06,1120.97
1224417,25.06,1120.98
1225230,25.06,1120.97
1226041,25.06,1120.98
1226852,25.12,1120.97
1227662,25.06,1120.94
1228473,25.12,1120.93
1229283,25.06,1120.95
1230094,25.06,1120.97
1230905,25.06,1120.95
1231715,25.06,1120.96
1232526,25.06,1120.93
1233336,25.06,1120.93
1234147,25.06,1120.97
1234958,25.06,1120.93
1235768,25.06,1120.94
1236579,25.06,1120.92
1237389,25.06,1120.97
1238200,25.06,1120.94
1239011,25.06,1120.91
1239821,25.12,1120.95
1240632,25.06,1120.93
1241442,25.06,1120.92
1242253,25.06,1120.88
1243066,25.06,1120.93
1243877,25.06,1120.91
1244688,25.06,1120.90
1245498,25.06,1120.94
1246309,25.06,1120.90
1247119,25.06,1120.90
1247930,25.06,1120.92
1248740,25.06,1120.91
1249551,25.06,1120.86
1250362,25.06,1120.94
1251172,25.06,1120.89
1251983,25.06,1120.92
1252793,25.06,1120.87
1253604,25.06,1120.92
1254415,25.06,1120.89
1255225,25.06,1120.86
1256036,25.06,1120.90
1256846,25.06,1120.89
1257657,25.06,1120.91
1258467,25.06,1120.88
1259278,25.06,1120.89
1260089,25.06,1120.89
1260902,25.06,1120.87
1261713,25.06,1120.89
1262523,25.06,1120.87
1263334,25.06,1120.84
1264145,25.06,1120.84
1264955,25.06,1120.87
1265766,25.06,1120.90
1266576,25.06,1120.89
1267387,25.06,1120.87
1268197,25.06,1120.85
1269008,25.06,1120.83
1269819,25.06,1120.85
1270629,25.06,1120.85
1271440,25.06,1120.84
1272250,25.06,1120.84
1273061,25.06,1120.85
1273872,25.06,1120.83
1274682,25.06,1120.86
1275493,25.06,1120.85
1276303,25.06,1120.83
1277114,25.06,1120.83
1277925,25.06,1120.83
1278735,25.06,1120.80
1279549,25.06,1120.83
1280359,25.06,1120.82
1281170,25.06,1120.80
1281981,25.06,1120.83
1282791,25.06,1120.82
1283602,25.06,1120.80
1284412,25.06,1120.84
1285223,25.06,1120.80
1286033,25.06,1120.81
1286844,25.06,1120.78
1287655,25.06,1120.81
1288465,25.06,1120.81
1289276,25.06,1120.80
1290086,25.06,1120.79
1290897,25.06,1120.79
1291707,25.06,1120.80
1292518,25.06,1120.80
1293329,25.06,1120.76
1294139,25.06,1120.78
1294950,25.06,1120.75
1295760,25.06,1120.80
1296571,25.06,1120.76
1297385,25.06,1120.73
1298195,25.06,1120.77
1299006,25.00,1120.71
1299816,25.00,1120.77
1300627,25.06,1120.71
1301437,25.06,1120.74
1302248,25.06,1120.74
1303059,25.06,1120.70
1303869,25.00,1120.75
1304680,25.00,1120.74
1305490,25.06,1120.73
1306301,25.00,1120.72
1307112,25.06,1120.73
1307922,25.06,1120.73
1308733,25.00,1120.74
1309543,25.00,1120.70
1310354,25.06,1120.72
1311164,25.06,1120.73
1311975,25.00,1120.72
1312786,25.06,1120.70
1313596,25.00,1120.75
1314407,25.00,1120.73
1315220,25.06,1120.70
1316031,25.00,1120.71
1316842,25.00,1120.69
1317652,25.06,1120.69
1318463,25.00,1120.69
1319273,25.06,1120.67
1320084,25.00,1120.68
1320894,25.00,1120.69
1321705,25.00,1120.68
1322516,25.00,1120.66
1323326,25.00,1120.67
1324137,25.00,1120.66
1324947,25.00,1120.67
1325757,25.00,1120.63
1326568,25.00,1120.63
1327379,25.00,1120.66
1328189,25.00,1120.59
1329000,25.00,1120.62
1329810,25.00,1120.64
1330621,25.00,1120.62
1331431,25.06,1120.63
1332242,25.00,1120.62
1333052,25.00,1120.66
1333860,25.00,1120.63
1334671,25.00,1120.60
1335481,25.00,1120.65
1336292,25.00,1120.64
1337102,25.00,1120.66
1337913,25.00,1120.62
1338723,25.00,1120.62
1339534,25.00,1120.60
1340344,25.00,1120.63
1341155,25.00,1120.61
1341965,25.00,1120.59
1342776,25.00,1120.61
1343586,25.00,1120.61
1344397,25.00,1120.62
1345207,25.00,1120.56
1346018,25.00,1120.62
1346828,25.00,1120.55
1347639,25.00,1120.58
1348449,25.00,1120.59
1349260,25.00,1120.59
1350070,25.00,1120.62
1350881,25.00,1120.57
1351694,25.00,1120.56
1352505,25.00,1120.58
1353316,25.00,1120.56
1354127,25.00,1120.54
1354938,25.00,1120.56
1355748,25.00,1120.56
1356559,25.00,1120.54
1357370,25.00,1120.56
1358181,25.00,1120.54
1358991,25.00,1120.52
1359802,25.00,1120.55
1360613,25.00,1120.54
1361424,25.00,1120.55
1362235,25.00,1120.58
1363045,25.00,1120.53
1363856,25.00,1120.53
1364667,25.00,1120.52
1365478,25.00,1120.53
1366289,25.00,1120.51
1367099,25.00,1120.48
1367910,25.00,1120.54
1368721,25.00,1120.52
1369535,25.00,1120.51
1370346,25.00,1120.50
1371157,25.00,1120.49
1371967,25.00,1120.51
1372778,25.00,1120.50
1373589,25.00,1120.51
1374400,25.00,1120.49
1375211,25.00,1120.49
1376022,25.00,1120.48
1376833,25.00,1120.48
1377643,25.00,1120.49
1378454,25.00,1120.52
1379265,25.00,1120.48
1380076,25.00,1120.44
1380887,25.00,1120.47
1381698,25.00,1120.51
1382509,25.00,1120.48
1383319,24.94,1120.50
1384130,25.00,1120.47
1384941,25.00,1120.47
1385752,25.00,1120.47
1386563,25.00,1120.43
1387377,25.00,1120.43
1388188,24.94,1120.45
1388999,25.00,1120.43
1389809,24.94,1120.44
1390620,25.00,1120.43
1391431,24.94,1120.42
1392242,24.94,1120.46
1393053,24.94,1120.44
1393864,25.00,1120.44
1394675,25.00,1120.45
1395485,24.94,1120.42
1396296,24.94,1120.44
1397107,25.00,1120.45
1397918,24.94,1120.41
1398729,24.94,1120.43
1399539,24.94,1120.42
1400350,24.94,1120.42
1401161,24.94,1120.42
1401972,24.94,1120.42
1402783,24.94,1120.41
1403594,24.94,1120.41
1404405,24.94,1120.38
1405215,24.94,1120.38
1406029,24.94,1120.43
1406840,24.94,1120.41
1407651,24.94,1120.40
1408462,24.94,1120.40
1409273,25.00,1120.36
1410084,24.94,1120.38
1410895,24.94,1120.35
1411705,24.94,1120.41
1412516,24.94,1120.38
1413327,24.94,1120.34
1414138,24.94,1120.38
1414949,24.94,1120.34
1415760,24.94,1120.34
1416571,24.94,1120.34
1417382,24.94,1120.37
1418192,24.94,1120.34
1419003,24.94,1120.34
1419814,24.94,1120.36
1420625,24.94,1120.36
1421436,24.94,1120.32
1422247,24.94,1120.33
1423058,24.94,1120.34
1423872,24.94,1120.33
1424682,24.94,1120.34
1425493,24.94,1120.33
1426304,24.94,1120.32
1427115,24.94,1120.28
1427926,24.94,1120.30
1428737,24.94,1120.29
1429548,24.94,1120.30
1430359,24.94,1120.30
1431169,24.94,1120.33
1431980,24.94,1120.30
1432791,24.94,1120.29
1433602,24.94,1120.36
1434413,24.94,1120.31
1435224,24.94,1120.25
1436035,24.94,1120.27
1436845,24.94,1120.33
1437656,24.94,1120.29
1438467,24.94,1120.28
1439278,24.94,1120.29
1440089,24.94,1120.26
1440900,24.94,1120.29
1441714,24.94,1120.28
1442525,24.94,1120.29
1443336,24.94,1120.29
1444146,24.94,1120.25
1444957,24.94,1120.24
1445768,24.94,1120.23
1446579,24.94,1120.26
1447390,24.94,1120.26
1448201,24.94,1120.22
1449012,24.94,1120.24
1449822,24.94,1120.23
1450633,24.94,1120.26
1451444,24.87,1120.23
1452255,24.94,1120.22
1453066,24.87,1120.23
1453877,24.94,1120.26
1454688,24.94,1120.22
1455499,24.94,1120.24
1456309,24.94,1120.28
1457120,24.87,1120.21
1457931,24.87,1120.23
1458742,24.94,1120.22
1459556,24.94,1120.18
1460367,24.94,1120.22
1461178,24.94,1120.20
1461989,24.94,1120.21
1462799,24.94,1120.20
1463610,24.94,1120.21
1464421,24.94,1120.20
1465232,24.94,1120.22
1466043,24.94,1120.22
1466854,24.87,1120.19
1467665,24.94,1120.21
1468476,24.94,1120.20
1469286,24.87,1120.19
1470107,24.87,1120.19
1470918,24.94,1120.15
1471729,24.87,1120.18
1472539,24.87,1120.15
1473350,24.87,1120.11
1474161,24.87,1120.17
1474972,24.87,1120.19
1475783,24.87,1120.15
1476593,24.87,1120.13
1477404,24.87,1120.16
1478218,24.87,1120.19
1479029,24.87,1120.18
1479840,24.87,1120.18
1480650,24.87,1120.14
1481461,24.87,1120.13
1482272,24.87,1120.14
1483083,24.87,1120.13
1483894,24.87,1120.16
1484704,24.87,1120.11
1485515,24.87,1120.13
1486326,24.87,1120.13
1487137,24.87,1120.13
1487948,24.87,1120.13
1488758,24.87,1120.11
1489569,24.87,1120.14
1490380,24.87,1120.07
1491191,24.87,1120.13
1492002,24.87,1120.15
1492812,24.87,1120.09
1493623,24.87,1120.13
1494434,24.87,1120.12
1495245,24.87,1120.16
1496059,24.87,1120.14
1496870,24.87,1120.13
1497681,24.87,1120.06
1498492,24.87,1120.06
1499303,24.87,1120.09
1500114,24.87,1120.13
1500925,24.87,1120.09
1501736,24.87,1120.08
1502547,24.87,1120.09
1503358,24.87,1120.10
1504170,24.87,1120.07
1504981,24.87,1120.06
1505792,24.87,1120.08
1506603,24.87,1120.14
1507414,24.87,1120.09
1508225,24.87,1120.06
1509036,24.87,1120.07
1509847,24.87,1120.10
1510658,24.87,1120.07
1511469,24.87,1120.10
1512280,24.87,1120.07
1513091,24.87,1120.09
1513906,24.87,1120.06
1514717,24.87,1120.06
1515528,24.87,1120.04
1516339,24.87,1120.02
1517150,24.87,1120.06
1517962,24.87,1120.06
1518773,24.87,1120.04
1519584,24.87,1120.02
1520395,24.87,1120.02
1521206,24.87,1120.03
1522017,24.87,1120.04
1522828,24.87,1120.02
1523640,24.87,1120.04
1524451,24.87,1120.03
1525262,24.87,1120.01
1526073,24.87,1120.03
1526884,24.87,1120.02
1527695,24.87,1120.05
1528507,24.87,1119.99
1529318,24.87,1120.03
1530129,24.87,1120.03
1530940,24.87,1119.98
1531754,24.87,1120.02
1532566,24.87,1119.97
1533377,24.81,1120.00
1534188,24.87,1120.02
1534999,24.87,1120.03
1535810,24.87,1120.02
1536621,24.87,1120.03
1537432,24.87,1119.99
1538244,24.87,1120.01
1539055,24.87,1119.96
1539866,24.87,1119.99
1540677,24.87,1119.99
1541488,24.87,1119.99
1542299,24.87,1119.96
1543111,24.87,1120.03
1543922,24.81,1120.00
1544733,24.81,1120.01
1545544,24.87,1119.99
1546355,24.87,1120.01
1547166,24.87,1119.98
1547977,24.87,1119.96
1548789,24.81,1119.96
1549600,24.81,1119.97
1550414,24.87,1119.96
1551225,24.81,1119.96
1552036,24.87,1119.99
1552848,24.81,1119.96
1553659,24.81,1119.94
1554470,24.81,1120.00
1555281,24.81,1119.94
1556092,24.81,1119.96
1556903,24.81,1119.95
1557714,24.81,1119.93
1558526,24.81,1119.94
1559337,24.81,1119.94
1560148,24.81,1119.97
1560959,24.81,1119.93
1561770,24.81,1119.93
1562581,24.81,1119.93
1563393,24.81,1119.92
1564204,24.81,1119.91
1565015,24.81,1119.91
1565826,24.81,1119.94
1566637,24.81,1119.90
1567448,24.81,1119.93
1568263,24.81,1119.94
1569074,24.81,1119.90
1569885,24.81,1119.94
1570696,24.81,1119.93
1571507,24.81,1119.94
1572319,24.81,1119.91
1573130,24.81,1119.89
1573941,24.81,1119.90
1574752,24.81,1119.94
1575563,24.81,1119.90
1576374,24.81,1119.88
1577186,24.81,1119.88
1577997,24.81,1119.88
1578808,24.81,1119.89
1579619,24.81,1119.91
1580430,24.81,1119.87
1581241,24.81,1119.86
1582053,24.81,1119.89
1582864,24.81,1119.89
1583675,24.81,1119.84
1584486,24.81,1119.88
1585297,24.81,1119.88
1586112,24.81,1119.88
1586923,24.81,1119.90
1587734,24.81,1119.87
1588545,24.81,1119.88
1589356,24.81,1119.86
1590167,24.81,1119.85
1590979,24.81,1119.88
1591790,24.81,1119.86
1592601,24.81,1119.83
1593412,24.81,1119.84
1594223,24.81,1119.83
1595034,24.81,1119.84
1595846,24.81,1119.85
1596657,24.81,1119.86
1597468,24.81,1119.82
1598279,24.81,1119.85
1599090,24.81,1119.83
1599901,24.81,1119.84
1600712,24.81,1119.83
1601524,24.81,1119.86
1602335,24.81,1119.84
1603146,24.81,1119.83
1603960,24.81,1119.83
1604772,24.81,1119.83
1605583,24.81,1119.85
1606394,24.81,1119.83
1607205,24.81,1119.81
1608016,24.81,1119.80
1608827,24.81,1119.82
1609638,24.81,1119.81
1610450,24.81,1119.80
1611261,24.81,1119.81
1612072,24.81,1119.80
1612883,24.81,1119.80
1613694,24.81,1119.79
1614505,24.81,1119.77
1615317,24.81,1119.79
1616128,24.81,1119.77
1616939,24.81,1119.75
1617750,24.81,1119.77
1618561,24.75,1119.79
1619372,24.81,1119.79
1620184,24.81,1119.78
1620995,24.81,1119.80
1621806,24.81,1119.77
1622620,24.81,1119.74
1623431,24.81,1119.80
1624242,24.81,1119.77
1625053,24.81,1119.76
1625865,24.75,1119.74
1626676,24.75,1119.81
1627487,24.81,1119.75
1628298,24.81,1119.72
1629109,24.75,1119.77
1629920,24.75,1119.73
1630731,24.75,1119.73
1631542,24.81,1119.74
1632353,24.75,1119.76
1633164,24.81,1119.76
1633975,24.75,1119.76
1634786,24.75,1119.73
1635597,24.75,1119.75
1636408,24.75,1119.71
1637219,24.75,1119.70
1638030,24.75,1119.69
1638842,24.75,1119.75
1639653,24.75,1119.72
1640467,24.75,1119.76
1641278,24.75,1119.70
1642090,24.75,1119.73
1642901,24.75,1119.70
1643712,24.75,1119.75
1644524,24.75,1119.69
1645335,24.75,1119.68
1646146,24.75,1119.70
1646958,24.75,1119.72
1647769,24.75,1119.71
1648580,24.75,1119.69
1649392,24.75,1119.69
1650203,24.75,1119.69
1651014,24.75,1119.67
1651826,24.75,1119.69
1652637,24.75,1119.71
1653448,24.75,1119.71
1654260,24.75,1119.68
1655071,24.75,1119.70
1655882,24.75,1119.67
1656694,24.75,1119.70
1657505,24.75,1119.64
1658320,24.75,1119.67
1659131,24.75,1119.68
1659943,24.75,1119.70
1660754,24.75,1119.67
1661565,24.75,1119.69
1662377,24.75,1119.67
1663188,24.75,1119.67
1664000,24.75,1119.66
1664811,24.75,1119.67
1665622,24.75,1119.66
1666434,24.75,1119.68
1667245,24.75,1119.68
1668057,24.75,1119.64
1668868,24.75,1119.62
1669679,24.75,1119.67
1670491,24.75,1119.65
1671302,24.75,1119.63
1672114,24.75,1119.66
1672925,24.75,1119.61
1673736,24.75,1119.65
1674548,24.75,1119.64
1675359,24.75,1119.66
1676174,24.75,1119.63
1676985,24.75,1119.66
1677797,24.75,1119.61
1678608,24.75,1119.61
1679420,24.75,1119.63
1680231,24.75,1119.65
1681042,24.75,1119.63
1681854,24.75,1119.63
1682665,24.75,1119.57
1683477,24.75,1119.63
1684288,24.75,1119.57
1685099,24.75,1119.62
1685911,24.75,1119.61
1686722,24.75,1119.62
1687534,24.75,1119.60
1688345,24.75,1119.60
1689156,24.75,1119.61
1689968,24.75,1119.63
1690779,24.75,1119.63
1691591,24.75,1119.55
1692402,24.75,1119.63
1693213,24.75,1119.59
1694025,24.75,1119.61
1694840,24.75,1119.59
1695651,24.75,1119.58
1696462,24.75,1119.59
1697274,24.75,1119.62
1698085,24.75,1119.60
1698897,24.75,1119.59
1699708,24.75,1119.57
1700519,24.75,1119.57
1701331,24.69,1119.58
1702142,24.75,1119.57
1702953,24.75,1119.58
1703765,24.75,1119.56
1704576,24.75,1119.57
1705388,24.69,1119.60
1706199,24.69,1119.55
1707010,24.75,1119.58
1707822,24.69,1119.58
1708633,24.75,1119.57
1709445,24.69,1119.56
1710256,24.69,1119.58
1711067,24.75,1119.54
1711879,24.69,1119.56
1712694,24.69,1119.59
1713505,24.75,1119.55
1714316,24.69,1119.57
1715128,24.75,1119.56
1715939,24.69,1119.55
1716751,24.69,1119.55
1717562,24.69,1119.56
1718373,24.69,1119.55
1719185,24.69,1119.53
1719996,24.69,1119.54
1720808,24.69,1119.56
1721619,24.69,1119.58
1722430,24.69,1119.55
1723242,24.69,1119.56
1724053,24.69,1119.50
1724865,24.69,1119.50
1725676,24.69,1119.55
1726487,24.69,1119.52
1727299,24.69,1119.53
1728110,24.69,1119.50
1728922,24.69,1119.50
1729733,24.69,1119.52
1730548,24.69,1119.52
1731359,24.69,1119.48
1732171,24.69,1119.51
1732982,24.69,1119.53
1733793,24.69,1119.52
1734605,24.69,1119.54
1735416,24.69,1119.48
1736228,24.69,1119.52
1737039,24.69,1119.51
1737850,24.69,1119.53
1738662,24.69,1119.49
1739473,24.69,1119.51
1740285,24.69,1119.51
1741096,24.69,1119.54
1741907,24.69,1119.49
1742719,24.69,1119.49
1743530,24.69,1119.46
1744342,24.69,1119.45
1745153,24.69,1119.51
1745964,24.69,1119.50
1746776,24.69,1119.47
1747587,24.69,1119.45
1748399,24.69,1119.46
1749208,24.69,1119.47
1750019,24.69,1119.47
1750830,24.69,1119.47
1751642,24.69,1119.44
1752453,24.69,1119.47
1753265,24.69,1119.49
1754076,24.69,1119.46
1754887,24.69,1119.45
1755699,24.69,1119.44
1756510,24.69,1119.46
1757322,24.69,1119.45
1758133,24.69,1119.47
1758944,24.69,1119.48
1759756,24.69,1119.45
1760567,24.69,1119.46
1761379,24.69,1119.45
1762190,24.69,1119.46
1763001,24.69,1119.45
1763813,24.69,1119.45
1764624,24.69,1119.48
1765436,24.69,1119.44
1766247,24.69,1119.47
1767062,24.69,1119.46
1767873,24.69,1119.43
1768684,24.69,1119.46
1769496,24.69,1119.44
1770307,24.69,1119.42
1771118,24.69,1119.45
1771930,24.69,1119.46
1772741,24.69,1119.45
1773552,24.69,1119.41
1774364,24.69,1119.42
1775175,24.69,1119.43
1775987,24.69,1119.45
1776798,24.69,1119.42
1777609,24.69,1119.40
1778420,24.69,1119.40
1779232,24.69,1119.41
1780043,24.69,1119.42
1780854,24.69,1119.43
1781666,24.69,1119.40
1782477,24.69,1119.38
1783288,24.69,1119.41
1784099,24.69,1119.41
1784914,24.69,1119.41
1785725,24.69,1119.40
1786537,24.62,1119.43
1787349,24.69,1119.38
1788160,24.69,1119.34
1788972,24.69,1119.38
1789783,24.69,1119.35
1790595,24.69,1119.40
1791407,24.69,1119.35
1792218,24.62,1119.37
1793030,24.69,1119.38
1793841,24.62,1119.36
1794653,24.62,1119.40
1795465,24.69,1119.38
1796276,24.69,1119.36
1797088,24.69,1119.33
1797899,24.62,1119.39
1798711,24.62,1119.39
1799523,24.62,1119.37
1800334,24.62,1119.36
1801146,24.62,1119.34
1801957,24.69,1119.32
1802772,24.69,1119.36
1803584,24.69,1119.36
1804396,24.69,1119.37
1805207,24.62,1119.35
1806019,24.69,1119.35
1806831,24.62,1119.38
1807642,24.69,1119.35
1808454,24.62,1119.35
1809266,24.62,1119.35
1810077,24.62,1119.35
1810889,24.69,1119.34
1811701,24.62,1119.33
1812512,24.62,1119.34
1813324,24.62,1119.34
1814136,24.62,1119.31
1814947,24.62,1119.33
1815759,24.62,1119.32
1816571,24.62,1119.33
1817382,24.62,1119.36
1818194,24.62,1119.31
1819006,24.62,1119.31
1819817,24.62,1119.33
1820629,24.62,1119.32
1821444,24.62,1119.33
1822256,24.62,1119.30
1823068,24.62,1119.33
1823879,24.62,1119.30
1824691,24.62,1119.32
1825503,24.62,1119.35
1826314,24.62,1119.34
1827126,24.62,1119.30
1827938,24.62,1119.26
1828749,24.62,1119.29
1829561,24.62,1119.31
1830373,24.62,1119.30
1831184,24.62,1119.30
1831996,24.62,1119.28
1832808,24.62,1119.29
1833619,24.62,1119.29
1834431,24.62,1119.28
1835243,24.62,1119.28
1836054,24.62,1119.30
1836866,24.62,1119.30
1837678,24.62,1119.26
1838489,24.62,1119.29
1839304,24.62,1119.26
1840116,24.62,1119.33
1840928,24.62,1119.31
1841739,24.62,1119.31
1842551,24.62,1119.29
1843363,24.62,1119.25
1844174,24.62,1119.24
1844986,24.62,1119.27
1845798,24.62,1119.29
1846609,24.62,1119.28
1847421,24.62,1119.22
1848233,24.62,1119.27
1849044,24.62,1119.26
1849856,24.62,1119.27
1850668,24.62,1119.26
1851479,24.62,1119.28
1852291,24.62,1119.24
1853103,24.62,1119.26
1853914,24.62,1119.26
1854726,24.62,1119.31
1855538,24.62,1119.26
1856349,24.62,1119.24
1857164,24.62,1119.26
1857976,24.62,1119.24
1858788,24.62,1119.21
1859599,24.62,1119.24
1860411,24.62,1119.26
1861223,24.62,1119.27
1862034,24.62,1119.23
1862846,24.62,1119.23
1863658,24.62,1119.26
1864469,24.62,1119.25
1865281,24.62,1119.18
1866093,24.62,1119.26
1866904,24.62,1119.22
1867716,24.62,1119.22
1868528,24.62,1119.19
1869339,24.62,1119.19
1870151,24.62,1119.24
1870963,24.62,1119.21
1871774,24.62,1119.20
1872586,24.62,1119.23
1873398,24.62,1119.23
1874209,24.62,1119.26
1875024,24.62,1119.21
1875836,24.62,1119.24
1876648,24.62,1119.21
1877459,24.62,1119.21
1878271,24.62,1119.22
1879083,24.62,1119.19
1879894,24.62,1119.21
1880706,24.62,1119.21
1881518,24.62,1119.23
1882329,24.62,1003.90
1883141,24.56,1003.84
1883953,24.56,1005.74
1884764,24.56,1008.85
1885576,24.56,1011.56
1886388,24.50,1014.22
1887199,24.56,1016.19
1888011,24.50,1017.69
1888823,24.50,1019.15
1889634,24.56,1020.19
1890446,24.56,1021.11
1891258,24.56,1021.92
1892069,24.56,1022.50
1892881,24.50,1022.91
1893696,24.56,1023.31
1894508,24.50,1023.73
1895320,24.50,1024.02
1896131,24.50,1024.28
1896943,24.50,1024.45
1897755,24.50,1024.60
1898566,24.50,1024.72
1899378,24.50,1024.85
1900190,24.50,1024.94
1901001,24.50,1025.09
1901813,24.50,1025.13
1902625,24.50,1025.17
1903436,24.50,1025.19
1904248,24.50,1025.30
1905060,24.50,1024.20
1905871,24.50,1009.06
1906683,24.44,1004.02
1907495,24.50,1003.80
1908306,24.44,1003.83
1909118,24.44,1003.78
1909930,24.44,1003.78
1910741,24.44,1003.80
1911556,24.44,1003.77
1912368,24.44,1003.81
1913180,24.44,1003.77
1913991,24.44,1003.78
1914803,24.44,1003.78
1915614,24.44,1003.79
1916426,24.37,1003.77
1917238,24.44,1003.74
1918049,24.37,1003.79
1918861,24.44,1003.76
1919672,24.44,1003.77
1920484,24.44,1003.82
1921296,24.44,1003.78
1922107,24.44,1003.77
1922919,24.44,1003.78
1923730,24.44,1003.80
1924542,24.44,1003.78
1925354,24.44,1003.78
1926165,24.44,1003.81
1926977,24.44,1003.77
1927798,24.44,1003.79
1928609,24.44,1003.78
1929424,24.44,1003.81
1930234,24.44,1003.79
1931045,24.44,1003.78
1931855,24.50,1003.79
1932666,24.44,1003.81
1933476,24.50,1003.82
1934287,24.50,1003.77
1935097,24.44,1003.80
1935907,24.50,1003.82
1936718,24.50,1003.83
1937528,24.50,1003.85
1938339,24.50,1003.81
1939149,24.50,1003.81
1939960,24.50,1003.79
1940770,24.56,1003.83
1941581,24.56,1003.85
1942391,24.56,1003.85
1943202,24.56,1003.85
1944012,24.56,1003.79
1944823,24.56,1003.86
1945633,24.56,1003.85
1946444,24.56,1003.85
1947257,24.56,1003.86
1948068,24.56,1003.82
1948878,24.56,1003.83
1949689,24.56,1003.85
1950500,24.56,1003.83
1951310,24.62,1003.86
1952121,24.56,1003.80
1952931,24.56,1003.81
1953742,24.56,1003.85
1954553,24.62,1003.88
1955363,24.62,1003.86
1956174,24.62,1003.84
1956984,24.62,1003.82
1957795,24.62,1003.85
1958606,24.62,1003.86
1959416,24.62,1003.86
1960227,24.62,1003.86
1961037,24.62,1003.84
1961848,24.62,1003.84
1962659,24.62,1003.86
1963469,24.62,1003.87
1964280,24.62,1003.85
1965090,24.62,1003.85
1965904,24.62,1003.87
1966715,24.62,1003.85
1967525,24.62,1003.85
1968336,24.62,1003.85
1969146,24.62,1003.89
1969957,24.62,1003.87
1970768,24.62,1003.85
1971578,24.62,1003.86
1972389,24.62,1003.87
1973199,24.62,1003.85
1974010,24.62,1003.83
1974821,24.62,1003.85
1975631,24.62,1003.84
1976442,24.62,1003.83
1977252,24.62,1003.85
1978063,24.62,1003.84
1978874,24.62,1003.85
1979684,24.62,1003.87
1980495,24.62,1003.87
1981305,24.62,1003.85
1982116,24.62,1003.81
1982927,24.62,1003.80
1983740,24.62,1003.86
1984551,24.62,1003.85
1985361,24.62,1003.87
1986172,24.62,1003.82
1986982,24.62,1003.82
1987793,24.62,1003.85
1988604,24.62,1003.82
1989414,24.62,1003.85
1990225,24.62,1003.84
1991035,24.62,1003.83
1991846,24.62,1003.87
1992657,24.62,1003.86
1993467,24.62,1003.84
1994278,24.62,1003.86
1995088,24.62,1003.85
1995899,24.62,1003.86
1996710,24.62,1003.85
1997520,24.62,1003.84
1998331,24.62,1003.85
1999141,24.62,1003.87
1999952,24.62,1003.84
2000763,24.62,1003.87
2001576,24.62,1003.89
2002387,24.62,1003.85
2003197,24.62,1003.84
2004008,24.62,1003.86
2004819,24.62,1003.86
2005629,24.62,1003.84
2006440,24.69,1003.85
2007250,24.62,1003.86
2008061,24.62,1003.85
2008871,24.62,1003.84
